<DocumentElement>
  <Sheet1 />
  <Sheet1>
    <CUSTOMER>ATTRIBUTE</CUSTOMER>
    <Column4>DATA TYPE</Column4>
  </Sheet1>
  <Sheet1 />
  <Sheet1>
    <CUSTOMER>Customer Name</CUSTOMER>
    <Column4>varchar[]</Column4>
  </Sheet1>
  <Sheet1 />
  <Sheet1>
    <CUSTOMER>Customer Contact</CUSTOMER>
    <Column4>varchar[]</Column4>
  </Sheet1>
  <Sheet1 />
  <Sheet1>
    <CUSTOMER>Customer ID</CUSTOMER>
    <Column4>integer</Column4>
  </Sheet1>
  <Sheet1 />
  <Sheet1>
    <CUSTOMER>No.of orders</CUSTOMER>
    <Column4>integer</Column4>
  </Sheet1>
</DocumentElement>