<DocumentElement>
  <Sheet1 />
  <Sheet1>
    <EMPLOYEE>ATTRIBUTE</EMPLOYEE>
    <Column4>DATA TYPE</Column4>
  </Sheet1>
  <Sheet1 />
  <Sheet1>
    <EMPLOYEE>Employee Nme</EMPLOYEE>
    <Column2>Name</Column2>
    <Column4>varchar[]</Column4>
  </Sheet1>
  <Sheet1 />
  <Sheet1>
    <EMPLOYEE>Employee ID</EMPLOYEE>
    <Column4>Integer</Column4>
  </Sheet1>
  <Sheet1 />
  <Sheet1>
    <EMPLOYEE>Salary</EMPLOYEE>
    <Column4>Float</Column4>
  </Sheet1>
  <Sheet1 />
  <Sheet1>
    <EMPLOYEE>Roles</EMPLOYEE>
    <Column4>varchar[]</Column4>
  </Sheet1>
</DocumentElement>