<DocumentElement>
  <Sheet1 />
  <Sheet1>
    <HOUSE_x0020_DESIGN>ATTRIBUTE</HOUSE_x0020_DESIGN>
    <Column4>DATA TYPE</Column4>
  </Sheet1>
  <Sheet1 />
  <Sheet1>
    <HOUSE_x0020_DESIGN>House Type</HOUSE_x0020_DESIGN>
    <Column4>varchar[]</Column4>
  </Sheet1>
  <Sheet1 />
  <Sheet1>
    <HOUSE_x0020_DESIGN>Interiors</HOUSE_x0020_DESIGN>
    <Column4>varchar[]</Column4>
  </Sheet1>
  <Sheet1 />
  <Sheet1>
    <HOUSE_x0020_DESIGN>Structure</HOUSE_x0020_DESIGN>
    <Column4>varchar[]</Column4>
  </Sheet1>
  <Sheet1 />
  <Sheet1>
    <HOUSE_x0020_DESIGN>Quantity</HOUSE_x0020_DESIGN>
    <Column4>Integer</Column4>
  </Sheet1>
</DocumentElement>