<?xml version="1.0" encoding="windows-1252" standalone="yes"?><!-- Generated by abcexcel-->  
<Records>
  <Record>
    <Row
      A="ORDERS"
    />
  </Record>
  <Record>
    <Row
      A="ATTRIBUTE"
      D="DATA TYPE"
    />
  </Record>
  <Record>
    <Row
      A="Order ID"
      D="Integer"
    />
  </Record>
  <Record>
    <Row
      A="Type of Order"
      D="varchar[]"
    />
  </Record>
  <Record>
    <Row
      A="Quantity"
      D="Integer"
    />
  </Record>
  <Record>
    <Row
      A="Budget"
      D="Float"
    />
  </Record>
</Records>