<?xml version="1.0" encoding="windows-1252" standalone="yes"?><!-- Generated by abcexcel-->  
<Records>
  <Record>
    <Row
      B="RAW MATERIALS"
    />
  </Record>
  <Record>
    <Row
      B="ATTRIBUTE"
      E="DATA TYPE"
    />
  </Record>
  <Record>
    <Row
      B="Material Type"
      E="varchar[]"
    />
  </Record>
  <Record>
    <Row
      B="Source"
      E="varchar[]"
    />
  </Record>
  <Record>
    <Row
      B="Quantity"
      E="integer"
    />
  </Record>
  <Record>
    <Row
      B="Cost"
      E="float"
    />
  </Record>
</Records>